MJD,V,ev
57110.69520,> 17.64,-
57118.39377,> 17.52,-
57124.75369,> 17.62,-
57127.05225,> 17.82,-
57136.35575,> 17.79,-
57136.88918,> 18.30,-
57150.03689,17.39,0.23
57156.55688,17.64,0.19
57160.65807,17.22,0.14
57169.34084,16.83,0.14
57172.30403,17.03,0.18
57181.35200,16.82,0.13
57183.50502,16.99,0.13
57190.21255,17.24,0.16
57190.29006,16.94,0.10
57200.23218,17.38,0.19
57200.71115,17.28,0.24